{
  "Ra": 10000000.0,
  "Pr": 1,
  "Lx": 4,
  "Lz": 1,
  "alpha_1": 0.00031622776601683794,
  "alpha_2": 0.00031622776601683794,
  "mu_0": 0.5,
  "mu_1": -0.5,
  "sigma_0": 1.0,
  "sigma_1": 0,
  "lam": 0.5
}